GPA,Sao Paulo,SP,047508411/0002-37
GPA,Ribeirao Preto,SP,047508411/1610-87
GPA,Sao Paulo,SP,047508411/2398-84
GPA,Sao Paulo,SP,047508411/0006-60
GPA,Sao Paulo,SP,047508411/0007-41
GPA,Sao Paulo,SP,047508411/0008-22
GPA,Sao Paulo,SP,047508411/0009-03
GPA,Sao Paulo,SP,047508411/0010-47
GPA,Sorocaba,SP,047508411/2582-42
GPA,Sao Paulo,SP,047508411/0013-90
GPA,Santos,SP,047508411/0016-32
GPA,Sao Paulo,SP,047508411/0019-85
GPA,Sao Paulo,SP,047508411/0018-02
GPA,Valinhos,SP,047508411/1618-34
GPA,Praia Grande,SP,047508411/1791-05
GPA,Sao Paulo,SP,047508411/0022-80
GPA,Campinas,SP,047508411/0024-42
GPA,Sao Paulo,SP,047508411/1796-10
GPA,Sao Paulo,SP,047508411/1797-09
GPA,Campinas,SP,047508411/0034-14
GPA,Sao Paulo,SP,047508411/0036-86
GPA,Cotia,SP,047508411/1804-64
GPA,Santos,SP,047508411/0038-48
GPA,Sao Paulo,SP,047508411/1825-99
GPA,Sao Paulo,SP,047508411/0043-05
GPA,Guaruja,SP,047508411/0045-77
GPA,Sao Paulo,SP,047508411/1771-61
GPA,Sao Paulo,SP,047508411/0047-39
GPA,Campinas,SP,047508411/1807-07
GPA,Sao Paulo,SP,047508411/0049-09
GPA,Sao Paulo,SP,047508411/0051-15
GPA,Sao Paulo,SP,047508411/1813-55
GPA,Sao Paulo,SP,047508411/1809-79
GPA,Praia Grande,SP,047508411/0062-78
GPA,Sao Paulo,SP,047508411/0066-00
GPA,Sao Paulo,SP,047508411/1772-42
GPA,Sao Paulo,SP,047508411/1782-14
GPA,Sao Paulo,SP,047508411/0072-40
GPA,Sao Paulo,SP,047508411/0073-20
GPA,Guaruja,SP,047508411/1732-55
GPA,Sao Paulo,SP,047508411/1742-27
GPA,Sao Paulo,SP,047508411/0160-79
GPA,Sao Paulo,SP,047508411/0161-50
GPA,Santos,SP,047508411/1685-02
GPA,Sao Paulo,SP,047508411/1740-65
GPA,Sao Paulo,SP,047508411/1747-31
GPA,Sao Paulo,SP,047508411/0086-45
GPA,Aracatuba,SP,047508411/0083-00
GPA,Santos,SP,047508411/1753-80
GPA,Sao Paulo,SP,047508411/1790-24
GPA,Sao Paulo,SP,047508411/1768-66
GPA,Sao Paulo,SP,047508411/0284-09
GPA,Sao Paulo,SP,047508411/1787-29
GPA,Sao Paulo,SP,047508411/0286-70
GPA,Sao Paulo,SP,047508411/0287-51
GPA,Sao Paulo,SP,047508411/1754-60
GPA,Sao Paulo,SP,047508411/0288-32
GPA,Sao Paulo,SP,047508411/0290-57
GPA,Sao Paulo,SP,047508411/0302-25
GPA,Sao Paulo,SP,047508411/0304-97
GPA,Taubate,SP,047508411/0087-26
GPA,Sao Paulo,SP,047508411/1803-83
GPA,Campinas,SP,047508411/0090-21
GPA,Guaratingueta,SP,047508411/0076-73
GPA,Sao Paulo,SP,047508411/1770-80
GPA,Sao Paulo,SP,047508411/1781-33
GPA,Sao Paulo,SP,047508411/1780-52
GPA,Sao Vicente,SP,047508411/0097-06
GPA,Sao Paulo,SP,047508411/1789-90
GPA,Osasco,SP,047508411/2090-39
GPA,Sao Jose Dos Campos,SP,047508411/1767-85
GPA,Sao Paulo,SP,047508411/1788-00
GPA,Sao Paulo,SP,047508411/1786-48
GPA,Jundiai,SP,047508411/2075-08
GPA,Sao Paulo,SP,047508411/0242-50
GPA,Diadema,SP,047508411/0252-21
GPA,Carapicuiba,SP,047508411/0405-30
GPA,Sao Paulo,SP,047508411/0565-34
GPA,Sao Paulo,SP,047508411/0451-76
GPA,Santos,SP,047508411/0623-48
GPA,Praia Grande,SP,047508411/0558-05
GPA,Itu,SP,047508411/0800-87
GPA,Peruibe,SP,047508411/1593-41
GPA,Sao Paulo,SP,047508411/0175-55
GPA,Sao Paulo,SP,047508411/0181-01
GPA,Santana De Parnaiba,SP,047508411/1584-50
GPA,Ribeirao Preto,SP,047508411/0189-50
GPA,Sao Paulo,SP,047508411/2577-85
GPA,Sao Paulo,SP,047508411/0485-15
GPA,Sao Paulo,SP,047508411/2101-26
GPA,Sao Jose Dos Campos,SP,047508411/2396-12
GPA,Araraquara,SP,047508411/2374-07
GPA,Barueri,SP,047508411/2607-35
GPA,Sao Paulo,SP,047508411/0307-30
GPA,Sao Paulo,SP,047508411/0003-18
GPA,Sao Paulo,SP,047508411/0012-09
GPA,Sao Paulo,SP,047508411/0285-90
GPA,Sao Paulo,SP,047508411/0292-19
GPA,Sao Paulo,SP,047508411/0067-82
GPA,Sao Paulo,SP,047508411/0928-40
GPA,Sao Paulo,SP,047508411/0929-21
GPA,Peruibe,SP,047508411/0940-37
GPA,Sao Paulo,SP,047508411/0938-12
GPA,Barueri,SP,047508411/0939-01
GPA,Sao Paulo,SP,047508411/0937-31
GPA,Sao Paulo,SP,047508411/0942-07
GPA,Sao Paulo,SP,047508411/0947-03
GPA,Sao Paulo,SP,047508411/0946-22
GPA,Sao Paulo,SP,047508411/0956-02
GPA,Praia Grande,SP,047508411/2589-19
GPA,Curitiba,PR,047508411/1118-10
GPA,Pindamonhangaba,SP,047508411/1113-06
GPA,Rio De Janeiro,RJ,047508411/2548-40
GPA,Rio De Janeiro,RJ,047508411/2468-21
GPA,Campos Do Jordao,SP,047508411/1114-97
GPA,Rio De Janeiro,RJ,047508411/2448-88
GPA,Lorena,SP,047508411/1110-63
GPA,Rio De Janeiro,RJ,047508411/2407-00
GPA,Jacarei,SP,047508411/1134-30
GPA,Rio De Janeiro,RJ,047508411/2473-99
GPA,Sao Paulo,SP,047508411/1155-65
GPA,Cotia,SP,047508411/1157-27
GPA,Sao Paulo,SP,047508411/1153-01
GPA,Sao Paulo,SP,047508411/0106-23
GPA,Campinas,SP,047508411/0163-11
GPA,Curitiba,PR,047508411/0146-10
GPA,Sao Paulo,SP,047508411/0617-08
GPA,Sao Paulo,SP,047508411/0004-07
GPA,Curitiba,PR,047508411/0125-96
GPA,Campinas,SP,047508411/0850-46
GPA,Rio De Janeiro,RJ,047508411/2436-44
GPA,Sao Paulo,SP,047508411/0863-60
GPA,Sao Paulo,SP,047508411/0879-28
GPA,Sao Paulo,SP,047508411/0893-86
GPA,Sao Paulo,SP,047508411/0909-88
GPA,Campinas,SP,047508411/0908-05
GPA,Sao Carlos,SP,047508411/0926-89
GPA,Sao Bernardo Do Campo,SP,047508411/0925-06
GPA,Sao Caetano Do Sul,SP,047508411/0930-65
GPA,Curitiba,PR,047508411/0945-41
GPA,Sao Paulo,SP,047508411/0992-68
GPA,Sao Paulo,SP,047508411/0959-47
GPA,Cotia,SP,047508411/0980-24
GPA,Itatiba,SP,047508411/0979-90
GPA,Itu,SP,047508411/0978-00
GPA,Guarulhos,SP,047508411/0990-04
GPA,Sao Paulo,SP,047508411/1049-54
GPA,Santo Andre,SP,047508411/1050-98
GPA,Rio De Janeiro,RJ,047508411/2495-02
GPA,Sao Paulo,SP,047508411/1051-79
GPA,Mogi Das Cruzes,SP,047508411/1059-26
GPA,Sorocaba,SP,047508411/1077-08
GPA,Santos,SP,047508411/1152-12
GPA,Araraquara,SP,047508411/1158-08
GPA,Sao Paulo,SP,047508411/0105-42
GPA,Taboao Da Serra,SP,047508411/0139-91
GPA,Sao Paulo,SP,047508411/0289-13
GPA,Sao Paulo,SP,047508411/0342-12
GPA,Sao Paulo,SP,047508411/0581-54
GPA,Sao Paulo,SP,047508411/0619-61
GPA,Sao Jose Dos Campos,SP,047508411/0305-78
GPA,Sao Jose Dos Campos,SP,047508411/1266-80
GPA,Jundiai,SP,047508411/1277-33
GPA,Sao Paulo,SP,047508411/1332-02
GPA,Sorocaba,SP,047508411/1370-20
GPA,Guarulhos,SP,047508411/1350-86
GPA,Jundiai,SP,047508411/0071-69
GPA,Guarulhos,SP,047508411/1730-93
GPA,Sao Paulo,SP,047508411/1718-05
GPA,Catanduva,SP,047508411/1358-33
GPA,Sao Paulo,SP,047508411/0927-60
GPA,Sao Paulo,SP,047508411/1694-95
GPA,Rio De Janeiro,RJ,047508411/2482-80
GPA,Rio De Janeiro,RJ,047508411/2474-70
GPA,Rio De Janeiro,RJ,047508411/2478-01
GPA,Rio De Janeiro,RJ,047508411/2522-01
GPA,Rio De Janeiro,RJ,047508411/2516-63
GPA,Rio De Janeiro,RJ,047508411/2427-53
GPA,Rio De Janeiro,RJ,047508411/2434-82
GPA,Rio De Janeiro,RJ,047508411/2476-31
GPA,Rio De Janeiro,RJ,047508411/2453-45
GPA,Praia Grande,SP,047508411/1511-03
GPA,Rio De Janeiro,RJ,047508411/2494-13
GPA,Niteroi,RJ,047508411/2449-69
GPA,Rio De Janeiro,RJ,047508411/2524-73
GPA,Sao Goncalo,RJ,047508411/2486-03
GPA,Rio De Janeiro,RJ,047508411/2546-89
GPA,Nova Iguacu,RJ,047508411/2440-20
GPA,Rio De Janeiro,RJ,047508411/2520-40
GPA,Duque De Caxias,RJ,047508411/2429-15
GPA,Queimados,RJ,047508411/2417-81
GPA,Rio De Janeiro,RJ,047508411/2469-02
GPA,Rio De Janeiro,RJ,047508411/2416-09
GPA,Rio De Janeiro,RJ,047508411/2543-36
GPA,Rio De Janeiro,RJ,047508411/2549-21
GPA,Avare,SP,047508411/2093-81
GPA,Guarulhos,SP,047508411/0952-70
GPA,Rio De Janeiro,RJ,047508411/1676-03
GPA,Rio De Janeiro,RJ,047508411/1677-94
GPA,Rio Das Ostras,RJ,047508411/1678-75
GPA,Sao Paulo,SP,047508411/2103-98
GPA,Sao Paulo,SP,047508411/2084-90
GPA,Sao Paulo,SP,047508411/2085-71
GPA,Sao Paulo,SP,047508411/2102-07
GPA,Sao Paulo,SP,047508411/0958-66
GPA,Sao Paulo,SP,047508411/0957-85
GPA,Sao Paulo,SP,047508411/0961-61
GPA,Sao Paulo,SP,047508411/0962-42
GPA,Sao Paulo,SP,047508411/0963-23
GPA,Sao Paulo,SP,047508411/0964-04
GPA,Sao Paulo,SP,047508411/0965-95
GPA,Diadema,SP,047508411/0987-09
GPA,Diadema,SP,047508411/0986-10
GPA,Sao Paulo,SP,047508411/0967-57
GPA,Sao Goncalo,RJ,047508411/2487-94
GPA,Niteroi,RJ,047508411/2433-00
GPA,Sao Paulo,SP,047508411/1457-15
GPA,Santo Andre,SP,047508411/0983-77
GPA,Ribeirao Preto,SP,047508411/1465-25
GPA,Rio De Janeiro,RJ,047508411/2502-68
GPA,Sao Paulo,SP,047508411/0969-19
GPA,Rio De Janeiro,RJ,047508411/2447-05
GPA,Rio De Janeiro,RJ,047508411/2497-66
GPA,Sao Paulo,SP,047508411/0972-14
GPA,Atibaia,SP,047508411/0973-03
GPA,Cubatao,SP,047508411/1026-68
GPA,Cubatao,SP,047508411/1027-49
GPA,Santos,SP,047508411/1012-62
GPA,Santos,SP,047508411/1013-43
GPA,Cubatao,SP,047508411/1025-87
GPA,Santos,SP,047508411/1011-81
GPA,Santos,SP,047508411/1010-09
GPA,Mongagua,SP,047508411/1030-44
GPA,Santos,SP,047508411/1009-67
GPA,Peruibe,SP,047508411/1029-00
GPA,Itanhaem,SP,047508411/1028-20
GPA,Praia Grande,SP,047508411/1021-53
GPA,Sao Vicente,SP,047508411/1017-77
GPA,Sao Vicente,SP,047508411/1016-96
GPA,Santos,SP,047508411/1008-86
GPA,Sao Bernardo Do Campo,SP,047508411/1038-00
GPA,Sao Paulo,SP,047508411/1039-82
GPA,Sao Paulo,SP,047508411/1047-92
GPA,Sao Paulo,SP,047508411/1032-06
GPA,Mage,RJ,047508411/2477-12
GPA,Sao Paulo,SP,047508411/1045-20
GPA,Sao Paulo,SP,047508411/1044-40
GPA,Rio De Janeiro,RJ,047508411/2467-40
GPA,Sao Paulo,SP,047508411/1042-88
GPA,Sao Paulo,SP,047508411/1041-05
GPA,Sao Paulo,SP,047508411/1040-16
GPA,Praia Grande,SP,047508411/1020-72
GPA,Sao Sebastiao,SP,047508411/1036-30
GPA,Praia Grande,SP,047508411/1019-39
GPA,Sao Vicente,SP,047508411/1015-05
GPA,Mogi Das Cruzes,SP,047508411/1064-93
GPA,Rio De Janeiro,RJ,047508411/2531-00
GPA,Sao Paulo,SP,047508411/1066-55
GPA,Sao Paulo,SP,047508411/1092-47
GPA,Sao Paulo,SP,047508411/1090-85
GPA,Sao Paulo,SP,047508411/1091-66
GPA,Sao Paulo,SP,047508411/1100-91
GPA,Sao Paulo,SP,047508411/1096-70
GPA,Embu Guacu,SP,047508411/1080-03
GPA,Sao Paulo,SP,047508411/1081-94
GPA,Sao Paulo,SP,047508411/1097-51
GPA,Rio De Janeiro,RJ,047508411/2498-47
GPA,Sao Paulo,SP,047508411/1098-32
GPA,Rio De Janeiro,RJ,047508411/2518-25
GPA,Rio De Janeiro,RJ,047508411/2441-01
GPA,Petropolis,RJ,047508411/2512-30
GPA,Sao Paulo,SP,047508411/1084-37
GPA,Volta Redonda,RJ,047508411/2450-00
GPA,Niteroi,RJ,047508411/2488-75
GPA,Sao Paulo,SP,047508411/1142-40
GPA,Sao Paulo,SP,047508411/1154-84
GPA,Sao Paulo,SP,047508411/1161-03
GPA,Macae,RJ,047508411/2421-68
GPA,Sao Paulo,SP,047508411/0931-46
GPA,Niteroi,RJ,047508411/2432-10
GPA,Rio De Janeiro,RJ,047508411/2523-92
GPA,Sao Paulo,SP,047508411/0109-76
GPA,Guaruja,SP,047508411/0209-39
GPA,Macae,RJ,047508411/1680-90
GPA,Araruama,RJ,047508411/1681-70
GPA,Sao Paulo,SP,047508411/0322-79
GPA,Santo Andre,SP,047508411/0332-40
GPA,Carapicuiba,SP,047508411/0346-46
GPA,Sao Paulo,SP,047508411/0310-35
GPA,Guaruja,SP,047508411/0339-17
GPA,Sao Paulo,SP,047508411/0607-28
GPA,Sao Paulo,SP,047508411/0600-51
GPA,Osasco,SP,047508411/0608-09
GPA,Sao Caetano Do Sul,SP,047508411/0684-60
GPA,Santos,SP,047508411/0059-72
GPA,Sao Paulo,SP,047508411/0048-10
GPA,Sao Paulo,SP,047508411/1256-09
GPA,Vinhedo,SP,047508411/1305-21
GPA,Sao Bernardo Do Campo,SP,047508411/1293-53
GPA,Guaruja,SP,047508411/1362-10
GPA,Sao Paulo,SP,047508411/1721-00
GPA,Campinas,SP,047508411/1373-72
GPA,Sao Paulo,SP,047508411/1398-20
GPA,Cotia,SP,047508411/1595-03
GPA,Sao Jose Dos Campos,SP,047508411/1609-43
GPA,Caraguatatuba,SP,047508411/1602-77
GPA,Sao Paulo,SP,047508411/1280-39
GPA,Sao Paulo,SP,047508411/1285-43
GPA,Sao Paulo,SP,047508411/1281-10
GPA,Sao Paulo,SP,047508411/0960-80
GPA,Sao Paulo,SP,047508411/0037-67
GPA,Sao Paulo,SP,047508411/1708-25
GPA,Santo Andre,SP,047508411/0977-29
GPA,Guaruja,SP,047508411/0170-40
GPA,Sao Paulo,SP,047508411/1376-15
GPA,Osasco,SP,047508411/1382-63
GPA,Sao Paulo,SP,047508411/1395-88
GPA,Sao Paulo,SP,047508411/1397-40
GPA,Sao Paulo,SP,047508411/1407-56
GPA,Sao Paulo,SP,047508411/1410-51
GPA,Sao Paulo,SP,047508411/1408-37
GPA,Sao Paulo,SP,047508411/1417-28
GPA,Sao Paulo,SP,047508411/1418-09
GPA,Sao Paulo,SP,047508411/1422-95
GPA,Sao Paulo,SP,047508411/1421-04
GPA,Sao Paulo,SP,047508411/1436-90
GPA,Sao Paulo,SP,047508411/1443-10
GPA,Sao Paulo,SP,047508411/1445-81
GPA,Sao Paulo,SP,047508411/1448-24
GPA,Sao Paulo,SP,047508411/1456-34
GPA,Bertioga,SP,047508411/1476-88
GPA,Sao Paulo,SP,047508411/1461-00
GPA,Sao Bernardo Do Campo,SP,047508411/1590-07
GPA,Osasco,SP,047508411/1464-44
GPA,Sao Paulo,SP,047508411/1337-09
GPA,Bertioga,SP,047508411/1477-69
GPA,Sao Paulo,SP,047508411/1509-80
GPA,Sao Paulo,SP,047508411/1705-82
GPA,Itanhaem,SP,047508411/1502-04
GPA,Itapetininga,SP,047508411/1394-05
GPA,Sao Paulo,SP,047508411/1688-47
GPA,Sao Paulo,SP,047508411/1454-72
GPA,Sao Paulo,SP,047508411/1459-87
GPA,Sao Bernardo Do Campo,SP,047508411/1463-63
GPA,Sao Paulo,SP,047508411/1460-10
GPA,Santo Andre,SP,047508411/1467-97
GPA,Sao Paulo,SP,047508411/1466-06
GPA,Sao Paulo,SP,047508411/1468-78
GPA,Sao Paulo,SP,047508411/1469-59
GPA,Sao Paulo,SP,047508411/1470-92
GPA,Sao Paulo,SP,047508411/1479-20
GPA,Sao Paulo,SP,047508411/1478-40
GPA,Sao Paulo,SP,047508411/1480-64
GPA,Sao Paulo,SP,047508411/1488-11
GPA,Santo Andre,SP,047508411/1489-00
GPA,Osasco,SP,047508411/1492-06
GPA,Sao Paulo,SP,047508411/1495-40
GPA,Sao Paulo,SP,047508411/1498-93
GPA,Sao Bernardo Do Campo,SP,047508411/1500-42
GPA,Sao Paulo,SP,047508411/1506-38
GPA,Sao Paulo,SP,047508411/1508-08
GPA,Sao Paulo,SP,047508411/1516-00
GPA,Sao Bernardo Do Campo,SP,047508411/1519-52
GPA,Sao Paulo,SP,047508411/1531-49
GPA,Sao Paulo,SP,047508411/1536-53
GPA,Sao Paulo,SP,047508411/1537-34
GPA,Ribeirao Preto,SP,047508411/1526-81
GPA,Sao Paulo,SP,047508411/1510-14
GPA,Santo Andre,SP,047508411/1533-00
GPA,Sao Paulo,SP,047508411/1532-20
GPA,Maua,SP,047508411/1548-97
GPA,Sao Paulo,SP,047508411/1539-04
GPA,Sao Paulo,SP,047508411/1546-25
GPA,Sao Paulo,SP,047508411/1543-82
GPA,Sao Paulo,SP,047508411/1557-88
GPA,Sao Paulo,SP,047508411/1572-17
GPA,Sao Paulo,SP,047508411/0122-43
GPA,Sao Paulo,SP,047508411/1622-10
GPA,Sao Paulo,SP,047508411/1625-63
GPA,Sao Paulo,SP,047508411/1623-00
GPA,Sao Paulo,SP,047508411/1621-30
GPA,Sao Paulo,SP,047508411/1624-82
GPA,Cotia,SP,047508411/1630-20
GPA,Sao Paulo,SP,047508411/1633-73
GPA,Santo Andre,SP,047508411/1636-16
GPA,Sao Paulo,SP,047508411/1637-05
GPA,Campinas,SP,047508411/1652-36
GPA,Campinas,SP,047508411/1651-55
GPA,Sao Paulo,SP,047508411/1653-17
GPA,Sao Paulo,SP,047508411/1655-89
GPA,Sao Caetano Do Sul,SP,047508411/1654-06
GPA,Campinas,SP,047508411/1662-08
GPA,Sao Paulo,SP,047508411/1693-04
GPA,Sao Paulo,SP,047508411/1673-60
GPA,Campinas,SP,047508411/1659-02
GPA,Sao Paulo,SP,047508411/1665-50
GPA,Sao Paulo,SP,047508411/1670-18
GPA,Sao Paulo,SP,047508411/1707-44
GPA,Sao Paulo,SP,047508411/1712-01
GPA,Sao Bernardo Do Campo,SP,047508411/1671-07
GPA,Cotia,SP,047508411/1668-01
GPA,Santo Andre,SP,047508411/1663-99
GPA,Sao Paulo,SP,047508411/1715-54
GPA,Sao Paulo,SP,047508411/1716-35
GPA,Sao Paulo,SP,047508411/1734-17
GPA,Sao Paulo,SP,047508411/0177-17
GPA,Osasco,SP,047508411/0185-27
GPA,Sao Sebastiao,SP,047508411/1497-02
GPA,Piracicaba,SP,047508411/0187-99
GPA,Taubate,SP,047508411/0191-75
GPA,Sao Paulo,SP,047508411/0079-16
GPA,Sao Paulo,SP,047508411/0483-53
GPA,Sao Paulo,SP,047508411/0486-04
GPA,Guaruja,SP,047508411/0501-70
GPA,Curitiba,PR,047508411/0259-06
GPA,Curitiba,PR,047508411/0258-17
GPA,Campinas,SP,047508411/0723-00
GPA,Sao Paulo,SP,047508411/1183-19
GPA,Sao Paulo,SP,047508411/1244-75
GPA,Sao Jose Do Rio Preto,SP,047508411/1284-62
GPA,Sao Paulo,SP,047508411/1334-66
GPA,Indaiatuba,SP,047508411/1389-30
GPA,Sao Jose Do Rio Preto,SP,047508411/1723-64
GPA,Sao Paulo,SP,047508411/1713-92
GPA,Sao Paulo,SP,047508411/1706-63
GPA,Sao Paulo,SP,047508411/1695-76
GPA,Sao Paulo,SP,047508411/1696-57
GPA,Sao Paulo,SP,047508411/1701-59
GPA,Sao Paulo,SP,047508411/1700-78
GPA,Sao Paulo,SP,047508411/1697-38
GPA,Sao Jose Do Rio Preto,SP,047508411/1756-22
GPA,Buzios,RJ,047508411/1737-60
GPA,Sao Paulo,SP,047508411/1714-73
GPA,Sao Paulo,SP,047508411/1702-30
GPA,Sao Paulo,SP,047508411/1703-10
GPA,Sao Paulo,SP,047508411/1719-88
GPA,Guaruja,SP,047508411/1661-27
GPA,Sao Paulo,SP,047508411/1698-19
GPA,Santos,SP,047508411/2555-70
GPA,Bauru,SP,047508411/1682-51
GPA,Bauru,SP,047508411/1683-32
GPA,Sao Paulo,SP,047508411/1720-11
GPA,Sao Paulo,SP,047508411/1704-00
GPA,Sao Paulo,SP,047508411/1699-08
GPA,Sao Bernardo Do Campo,SP,047508411/1689-28
GPA,Sao Paulo,SP,047508411/1686-85
GPA,Campinas,SP,047508411/1675-22
GPA,Santo Andre,SP,047508411/1690-61
GPA,Sao Caetano Do Sul,SP,047508411/1691-42
GPA,Marilia,SP,047508411/1710-40
GPA,Botucatu,SP,047508411/1684-13
GPA,Ourinhos,SP,047508411/1709-06
GPA,Barretos,SP,047508411/1727-98
GPA,Sao Paulo,SP,047508411/1515-29
GPA,Rio De Janeiro,RJ,047508411/2480-18
GPA,Sao Paulo,SP,047508411/1162-94
GPA,Rio De Janeiro,RJ,047508411/2576-02
GPA,Campos Do Goytacazes,RJ,047508411/2506-91
GPA,Sao Paulo,SP,047508411/1810-02
GPA,Sao Paulo,SP,047508411/1815-17
GPA,Sao Paulo,SP,047508411/1818-60
GPA,Santo Andre,SP,047508411/1821-65
GPA,Sao Paulo,SP,047508411/1819-40
GPA,Sao Paulo,SP,047508411/1829-12
GPA,Guarulhos,SP,047508411/1847-02
GPA,Guarulhos,SP,047508411/1817-89
GPA,Sao Caetano Do Sul,SP,047508411/1827-50
GPA,Sao Caetano Do Sul,SP,047508411/1826-70
GPA,Sao Bernardo Do Campo,SP,047508411/1822-46
GPA,Sao Paulo,SP,047508411/1820-84
GPA,Sao Paulo,SP,047508411/1839-94
GPA,Barueri,SP,047508411/1842-90
GPA,Sao Paulo,SP,047508411/1828-31
GPA,Sao Paulo,SP,047508411/1834-80
GPA,Sao Paulo,SP,047508411/1846-13
GPA,Sao Paulo,SP,047508411/1844-51
GPA,Sao Paulo,SP,047508411/1845-32
GPA,Sao Paulo,SP,047508411/1835-60
GPA,Praia Grande,SP,047508411/1883-68
GPA,Sao Paulo,SP,047508411/1833-07
GPA,Sao Paulo,SP,047508411/1832-18
GPA,Sao Bernardo Do Campo,SP,047508411/1852-61
GPA,Sorocaba,SP,047508411/1849-66
GPA,Rio De Janeiro,RJ,047508411/2464-06
GPA,Sao Paulo,SP,047508411/1910-75
GPA,Sao Paulo,SP,047508411/1882-87
GPA,Sao Paulo,SP,047508411/2392-99
GPA,Sao Caetano Do Sul,SP,047508411/1879-81
GPA,Rio De Janeiro,RJ,047508411/2508-53
GPA,Sao Goncalo,RJ,047508411/2431-30
GPA,Sao Paulo,SP,047508411/2035-02
GPA,Sao Paulo,SP,047508411/2002-44
GPA,Sao Paulo,SP,047508411/2135-75
GPA,Sao Paulo,SP,047508411/2353-82
GPA,Sao Paulo,SP,047508411/2029-64
GPA,Sao Paulo,SP,047508411/2096-24
GPA,Campinas,SP,047508411/2136-56
GPA,Sao Paulo,SP,047508411/1936-04
GPA,Sao Paulo,SP,047508411/1993-00
GPA,Sao Paulo,SP,047508411/2153-57
GPA,Sao Paulo,SP,047508411/2244-29
GPA,Sorocaba,SP,047508411/2134-94
GPA,Santos,SP,047508411/1996-45
GPA,Sao Paulo,SP,047508411/1994-83
GPA,Sao Paulo,SP,#N/A
GPA,Santo Andre,SP,047508411/2027-00
GPA,Sao Paulo,SP,047508411/2209-46
GPA,Sao Paulo,SP,047508411/2218-37
GPA,Sorocaba,SP,047508411/2105-50
GPA,Sao Paulo,SP,047508411/2217-56
GPA,Santos,SP,047508411/2166-71
GPA,Sao Jose Dos Campos,SP,047508411/2287-69
GPA,Osasco,SP,047508411/2030-06
GPA,Sao Paulo,SP,047508411/2068-70
GPA,Sao Paulo,SP,047508411/2561-18
GPA,Sao Paulo,SP,047508411/2571-90
GPA,Sao Paulo,SP,047508411/2575-13
GPA,Sao Paulo,SP,047508411/2568-94
GPA,Sao Paulo,SP,047508411/2564-60
GPA,Sao Paulo,SP,047508411/2580-80
GPA,Sao Paulo,SP,047508411/2581-61
GPA,Santos,SP,047508411/2602-20
GPA,Sao Paulo,SP,047508411/2603-01
GPA,Sao Paulo,SP,047508411/2604-92
GPA,Diadema,SP,047508411/2391-08
GPA,Sao Paulo,SP,047508411/2069-51
GPA,Campinas,SP,047508411/2208-65
GPA,Taboao Da Serra,SP,047508411/2213-22
GPA,Sao Paulo,SP,047508411/2234-57
GPA,Sao Paulo,SP,047508411/2332-58
GPA,Sao Paulo,SP,047508411/2231-04
GPA,Piracicaba,SP,047508411/2270-10
GPA,Sao Paulo,SP,047508411/2350-30
GPA,Sao Paulo,SP,047508411/2268-04
GPA,Sao Paulo,SP,047508411/2259-05
GPA,Sao Paulo,SP,047508411/2373-26
GPA,Sao Paulo,SP,047508411/2263-91
GPA,Santos,SP,047508411/2286-88
GPA,Atibaia,SP,047508411/2333-39
GPA,Sao Paulo,SP,047508411/2279-59
GPA,Sao Paulo,SP,047508411/2278-78
GPA,Sao Paulo,SP,047508411/2281-73
GPA,Sao Paulo,SP,047508411/2377-50
GPA,Sao Paulo,SP,047508411/2362-73
GPA,Santo Andre,SP,047508411/2357-06
GPA,Sao Paulo,SP,047508411/2367-88
GPA,Rio De Janeiro,RJ,047508411/2481-07
GPA,Rio De Janeiro,RJ,047508411/2500-04
GPA,Sao Joao De Meriti,RJ,047508411/2466-60
GPA,Rio De Janeiro,RJ,047508411/2538-79
GPA,Rio De Janeiro,RJ,047508411/2452-64
GPA,Rio De Janeiro,RJ,047508411/2443-73
GPA,Petropolis,RJ,047508411/2435-63
GPA,Petropolis,RJ,047508411/2533-64
GPA,Petropolis,RJ,047508411/2510-78
GPA,Teresopolis,RJ,047508411/2554-99
GPA,Cabo Frio,RJ,047508411/2445-35
GPA,Cabo Frio,RJ,047508411/2479-84
GPA,Sao Pedro Da Aldeia,RJ,047508411/2540-93
GPA,Icarai,RJ,047508411/2422-49
GPA,Nova Friburgo,RJ,047508411/2493-32
GPA,Rio De Janeiro,RJ,047508411/2485-22
GPA,Rio De Janeiro,RJ,047508411/2410-05
GPA,Rio De Janeiro,RJ,047508411/2475-50
GPA,Sao Paulo,SP,047508411/2167-52
GPA,Barueri,SP,047508411/2269-87
GPA,Sao Paulo,SP,047508411/2243-48
GPA,Sao Paulo,SP,047508411/2358-97
GPA,Sao Paulo,SP,047508411/2230-23
GPA,Sao Paulo,SP,047508411/2236-19
GPA,Sao Paulo,SP,047508411/2235-38
GPA,Campinas,SP,047508411/2261-20
GPA,Sao Paulo,SP,047508411/2354-63
GPA,Sao Paulo,SP,047508411/2363-54
GPA,Sao Paulo,SP,047508411/2383-06
GPA,Sao Paulo,SP,047508411/2379-11
GPA,Sao Paulo,SP,047508411/2397-01
GPA,Santos,SP,047508411/2387-21
GPA,Sao Paulo,SP,047508411/2385-60
GPA,Sao Paulo,SP,047508411/2380-55
GPA,Sao Paulo,SP,047508411/2388-02
GPA,Sao Paulo,SP,047508411/2390-27
GPA,Sao Paulo,SP,047508411/2393-70
GPA,Santos,SP,047508411/2465-89
GPA,Sao Paulo,SP,047508411/2463-17
GPA,Sao Paulo,SP,047508411/2565-41
GPA,Sao Paulo,SP,047508411/2462-36
GPA,Sao Bernardo Do Campo,SP,047508411/2567-03
GPA,Barueri,SP,#N/A
GPA,Rio De Janeiro,RJ,047508411/2456-98
GPA,Rio De Janeiro,RJ,047508411/2456-98
GPA,Guarulhos,SP,047508411/2613-83
GPA,Sao Paulo,SP,047508411/2612-00
GPA,Sao Paulo,SP,#N/A
GPA,Barueri,SP,#N/A